,Estimate,Std. Error,z value,Pr(>|z|),aic,N
(Intercept),-1.63144675182119,0.278481891560812,-5.85835848312218,4.67464718805292e-09,563.486879600306,614
crd,0.0459124751280648,0.00476473085770642,9.6359010611914,5.63950282965387e-22,,
