,Estimate,Std. Error,z value,Pr(>|z|),aic,N
(Intercept),4.14252334779876,0.992099294674285,4.17551284436584,2.9731547674828e-05,23.964868619504,64
dbh01,-0.171252183734155,0.0814656654035339,-2.10213938456,0.0355410677380672,,
